title,label,video_id,channel,source_query
Python Full Course for Beginners,1,K5KVEU3aaeQ,Programming with Mosh,python course beginners
Python Full Course for Beginners,1,_uQrJ0TkZlc,Programming with Mosh,python course beginners
Learn Python in Less than 10 Minutes for Beginners (Fast &amp; Easy),1,fWjsdhR3z3c,Indently,python course beginners
Learn Python - Full Course for Beginners [Tutorial],1,rfscVS0vtbw,freeCodeCamp.org,python course beginners
Python for Beginners - Learn Coding with Python in 1 Hour,1,kqtD5dpn9C8,Programming with Mosh,python course beginners
Python for Beginners – Full Course [Programming Tutorial],1,eWRfhZUzrAc,freeCodeCamp.org,python course beginners
Learn Python in Only 30 Minutes (Beginner Tutorial),1,Ro_MScTDfU4,Indently,python course beginners
Python Full Course for Beginners | Complete All-in-One Tutorial | 9 Hours,1,H2EJuAcrZYU,Dave Gray,python course beginners
Python Tutorial for Beginners - Learn Python in 5 Hours [FULL COURSE],1,t8pPdKYpowI,TechWorld with Nana,python course beginners
you need to learn Python RIGHT NOW!! // EP 1,1,mRMmlo_Uqcs,NetworkChuck,python course beginners
Django Tutorial for Beginners – Build Powerful Backends,1,rHux0gMZ3Eg,Programming with Mosh,django tutorial beginners
Learn Django in 20 Minutes!!,1,nGIg40xs9e4,Tech With Tim,django tutorial beginners
Django Tutorial for Beginners | Full Course,1,OTmQOjsl0eg,Telusko,django tutorial beginners
Python Django Introduction and Beginners Tutorial,1,qcJZN1pvG6A,Dave Gray,django tutorial beginners
Django For Beginners - Full Tutorial,1,sm1mokevMWk,Tech With Tim,django tutorial beginners
Python Django Explained In 8 Minutes,1,0sMtoedWaf0,Dennis Ivy,django tutorial beginners
Django Crash Course – Python Web Framework,1,0roB7wZMLqI,freeCodeCamp.org,django tutorial beginners
Django Full Crash Course - The Professional Python Web Framework,1,u1GnZfDw5LU,NeuralNine,django tutorial beginners
Python Django 7 Hour Course,1,PtQiiknWUcI,Traversy Media,django tutorial beginners
Learn Django by Building an Online Marketplace – Python Tutorial for Beginners,1,ZxMB6Njs3ck,freeCodeCamp.org,django tutorial beginners
ALL React Hooks Explained in 12 Minutes,1,LOH1l-MP_9k,Code Bootcamp,react hooks tutorial
10 React Hooks Explained // Plus Build your own from Scratch,1,TNhaISOUy6Q,Fireship,react hooks tutorial
All React Hooks Explained - React Hooks Tutorial 2025,1,xfKYYRE6-TQ,PedroTech,react hooks tutorial
Aprenda REACT HOOKS em 30 minutos | Tutorial sobre Hooks,1,Fc-___dblSI,Fernanda Kipper,react hooks tutorial
All React Hooks Tutorial ( +Building Custom Hooks ),1,4Ak2jFEIr9o,RoadsideCoder,react hooks tutorial
All React Hooks Explained in 2 Hours | Complete React Hooks Tutorial with Example,1,6wf5dIrryoQ,GreatStack,react hooks tutorial
Tutorial React hooks | Todos los React hooks explicados 🪝,1,jaLl4ErmU44,Code with Beto en Español,react hooks tutorial
React Hooks in ONE Shot 2025 [ EASIEST Explanation ] | React JS Tutorial,1,HnXPKtro4SM,Code Bless You,react hooks tutorial
Learn React Hooks: useEffect - Simply Explained!,1,-4XpG5_Lj_o,Cosden Solutions,react hooks tutorial
React Hooks Tutorial - 1 - Introduction,1,cF2lQ_gZeA8,Codevolution,react hooks tutorial
Learn Basic SQL in 15 Minutes | Business Intelligence For Beginners | SQL Tutorial For Beginners 1/3,1,kbKty5ZVKMY,Adam Finer - Learn BI,sql tutorial beginners
SQL Tutorial for Beginners,1,h0nxCDiD-zg,Kevin Stratvert,sql tutorial beginners
SQL Course for Beginners [Full Course],1,7S_tz1z_5bA,Programming with Mosh,sql tutorial beginners
SQL Explained in 100 Seconds,1,zsjvFFKOm3c,Fireship,sql tutorial beginners
What is SQL? [in 4 minutes for beginners],1,27axs9dO7AE,Danielle Thé,sql tutorial beginners
SQL Tutorial - Full Database Course for Beginners,1,HXV3zeQKqGY,freeCodeCamp.org,sql tutorial beginners
Learn 12 Basic SQL Concepts in 15 Minutes (project files included!),1,_vxobA36UN4,Maven Analytics,sql tutorial beginners
you need to learn SQL RIGHT NOW!! (SQL Tutorial for Beginners),1,xiUTqnI6xk8,NetworkChuck,sql tutorial beginners
Learn SQL Basics in Just 15 Minutes!,1,wmiDdBG-yP4,Kenji Explains,sql tutorial beginners
Curso COMPLETO de SQL y BASES DE DATOS Desde Cero para PRINCIPIANTES,1,OuJerKzV5T0,MoureDev by Brais Moure,sql tutorial beginners
Computer Networking Explained | Cisco CCNA 200-301,1,tSodBEAJz9Y,CertBros,computer networking course
Computer Networking Course - Network Engineering [CompTIA Network+ Exam Prep],1,qiQR5rTSshw,freeCodeCamp.org,computer networking course
Computer Networks: Crash Course Computer Science #28,1,3QhU9jd03a0,CrashCourse,computer networking course
Computer Networking Fundamentals Course,1,fQbBPa0ADvs,freeCodeCamp.org,computer networking course
Computer Networking Full Course - OSI Model Deep Dive with Real Life Examples,1,IPvYjXCsTg8,Kunal Kushwaha,computer networking course
FREE CCNA // What is a Network? // Day 0,1,S7MNX_UD7vY,NetworkChuck,computer networking course
Introduction to Networking | Network Fundamentals Part 1,1,cNwEVYkx2Kk,Network Direction,computer networking course
Computer Networking in 100 Seconds,1,keeqnciDVOo,Fireship,computer networking course
Intro to Computer Networking!,1,nt0xqeHmWBY,Antisyphon Training,computer networking course
Every Networking Concept Explained | Networking 101 (2026),1,bdeV_TjNfFA,Tech With Diego,computer networking course
Every Step To Start Ethical Hacking Explained in 6 Minutes,1,_FHYnqx2s5M,Mr Ethical Hacker,cybersecurity fundamentals course
Cybersecurity for Beginners: How to Get Started in 2026,1,7jSYXvOOD_M,Dinjik,cybersecurity fundamentals course
How I Would Learn Cyber Security If I Could Start Over in 2026 (6 Month Plan),1,4gr5m1xz0Ds,UnixGuy | Cyber Security,cybersecurity fundamentals course
Cybersecurity Architecture: Five Principles to Follow (and One to Avoid),1,jq_LZ1RFPfU,IBM Technology,cybersecurity fundamentals course
How I Would Learn Cyber Security if I Could Start Over in 2025 (Beginner Roadmap),1,b12JrM-6DBY,Cyber with Ben,cybersecurity fundamentals course
CYBER SECURITY explained in 8 Minutes,1,zYLkdT731x8,Mad Hat,cybersecurity fundamentals course
Everything you NEED to know as Cybersecurity Beginner,1,X-O1-l0gP5Q,Tech with Jono,cybersecurity fundamentals course
Cybersecurity Fundamentals | Understanding Cybersecurity Basics | Cybersecurity Course | Edureka,1,5MMoxyK1Y9o,edureka!,cybersecurity fundamentals course
The Complete Cybersecurity Roadmap: Land a Cybersecurity Job in 10 Months,1,v7BNtpw53AA,Programming with Mosh,cybersecurity fundamentals course
The Only Cybersecurity Roadmap You Need for 2026,1,6_zqDJ9KvZ0,Tech with Jono,cybersecurity fundamentals course
Introduction to Calculus (Derivatives),1,EzePYR390dw,Andy Math,calculus derivatives lecture
Calculus 1 - Derivatives,1,5yfh5cf4-0w,The Organic Chemistry Tutor,calculus derivatives lecture
Derivative as a concept | Derivatives introduction | AP Calculus AB | Khan Academy,1,N2PpRnFqnqY,Khan Academy,calculus derivatives lecture
The Derivative - The MOST Important Concept in Calculus,1,AitQQu2mFm0,Math and Science,calculus derivatives lecture
What is a derivative?,1,wUZcIYx-7a4,Mario's Math Tutoring,calculus derivatives lecture
Learn Every Derivative Rule in only 24 minutes! (ultimate study guide) | jensenmath.ca,1,q082eMlXI3Q,JensenMath,calculus derivatives lecture
Calculus 1 Lecture 2.1:  Introduction to the Derivative of a Function,1,962lLfW-8Jo,Professor Leonard,calculus derivatives lecture
Understand Calculus in 35 Minutes,1,WsQQvHm4lSw,The Organic Chemistry Tutor,calculus derivatives lecture
Differentiation Formulas - Notes,1,AdLAkD-r9Rs,The Organic Chemistry Tutor,calculus derivatives lecture
Calculus Is Overrated – It is Just Basic Math,1,1bH_ukYn81c,Brain Station Advanced,calculus derivatives lecture
"Newton&#39;s 3 Laws, with a bicycle - Joshua Manley",1,JGO_zDWmkvk,TED-Ed,physics newton laws lesson
"Newton&#39;s Law of Motion - First, Second &amp; Third - Physics",1,g550H4e5FCY,The Organic Chemistry Tutor,physics newton laws lesson
AP® Physics 1: Forces and Newton&#39;s Laws (Unit 2),1,4q0KzgCNuyo,Polychoron Productions,physics newton laws lesson
Newton’s Laws of Motion | JAMB and WAEC Physics tutorials #excellenceacademy #jonahemmanuel #physics,1,MeKprfzpwY4,Excellence Academy,physics newton laws lesson
Newton&#39;s Laws: Crash Course Physics #5,1,kKKM8Y-u7ds,CrashCourse,physics newton laws lesson
Every Physics Law Explained in 11 Minutes,1,uIU4uoeNxnI,The Analyst,physics newton laws lesson
AP Physics 1 Dynamics (Forces and Newton’s Laws) Review,1,Cb8BwCW2TCg,The Physics Universe,physics newton laws lesson
Newtons|Law|Motion|Physics 10|Tamil|MurugaMP,1,snGNQRqoQtc,Open Your Mind With Muruga MP,physics newton laws lesson
Newton&#39;s Laws grade 11 and 12: Watch this before doing calculations!,1,T1ONXrPQN8E,Miss Martins Maths and Science,physics newton laws lesson
Grade 11 Newton Laws: Newtons 1st,1,LHn9e_efynM,Kevinmathscience,physics newton laws lesson
Improve your English Grammar in One Hour | Basic English Grammar,1,QXVzmzhxWWc,linguamarina,english grammar lesson
How I master English grammar,1,uEq6FWDCwSM,The English Class,english grammar lesson
"Tenses, English Pronouns: Present, Past &amp; Future Tense! Pronoun Tense Table for Easy Learning",1,50kUvpqXutY,English Grammar Here,english grammar lesson
Learn All English Verb Tenses (Easiest Method),1,sCiG6rlk2Bc,Brian Wiles,english grammar lesson
Present or Past - English Grammar,1,QOALbeDSToQ,LKLogic,english grammar lesson
"Basic English Grammar: Parts of Speech – noun, verb, adjective, pronoun, adverb...",1,SceDmiBEESI,ENGLISH with James · engVid,english grammar lesson
"THE CONDITIONALS - 0,1,2 &amp; 3 Conditionals&amp; QUIZ - English Grammar Lesson (+ Free PDF &amp; Quiz)",1,vXp0ETWXbWo,English with Lucy,english grammar lesson
Learn English A1 to B2 in 4 Hours (Complete English Grammar Course for Beginners),1,hglYQqRGbng,JForrest English,english grammar lesson
Learn English Grammar Rules 🔥📖 #english #grammar #education #learning,1,V1kKVYUkx0Y,English MasterClass ,english grammar lesson
"English Grammar: The Prepositions ON, AT, IN, BY",1,sN5H7YTo_IQ,ENGLISH with James · engVid,english grammar lesson
Hitler&#39;s Rise to Power Explained | 17 Minute History Lesson,1,kMHjmDkTQJI,Digital Historian,history lesson
The history of our world in 18 minutes | David Christian | TED,1,yqc9zX04DXs,TED,history lesson
423 Years of American History in 13 Minutes,1,5Pm_s2wzxo0,Fun History,history lesson
The Great Depression - 5 Minute History Lesson,1,62DxELjuRec,The Plain Bagel,history lesson
HISTORY OF IDEAS - The Renaissance,1,fI1OeMmwYjU,The School of Life,history lesson
The History of the World in 20 Minutes,1,KnviRvdmFTc,Fun History,history lesson
100 History Facts | These Historical Facts Will Leave You Speechless !!,1,cIUymocvrdw,Sci Facts Info,history lesson
The ENTIRE History of Human Civilizations | Ancient to Modern (4K Documentary) [Full Movie],1,ha1NneZGm7A,Beginning To Now,history lesson
Will Durant---The Lessons of History,1,enJRIdmVHRE,Planksip,history lesson
SOCIALISM: An In-Depth Explanation,1,lrBRV3WK2x4,Ryan Chapman,history lesson
Curso de PYTHON desde CERO (Completo),1,nKPbfIU442g,Soy Dalto,curso python desde cero
Aprende PYTHON en 10 minutos 🟢,1,_6N18g3ewnw,Programador X,curso python desde cero
Aprende Python ahora! curso completo e intensivo desde cero,1,tQZy0U8s9LY,HolaMundo,curso python desde cero
Python en 8 Minutos,1,PtBHnMMRI0E,MoureDev by Brais Moure,curso python desde cero
Curso COMPLETO de PYTHON desde CERO para PRINCIPIANTES,1,Kp4Mvapo5kc,MoureDev by Brais Moure,curso python desde cero
Python desde cero en una hora para principiantes!,1,IimBRwHhW54,HolaMundo,curso python desde cero
Curso COMPLETO de Python DESDE CERO para Principiantes 2025,1,TkN2i-_4N4g,midudev,curso python desde cero
Aprende PYTHON desde CERO (Curso Completo),1,WWiic_r7O3Y,Programador X,curso python desde cero
Aprende Python - Curso de Python desde Cero,1,DLikpfc64cA,freeCodeCamp Español,curso python desde cero
🐍💻 ¡Aprende Python en Excel desde CERO! 🚀 El Tutorial Más Fácil y Rápido para Principiantes,1,8HSGUkJhKF4,El Inge Francisco,curso python desde cero
"Django, Curso de Django para Principiantes",1,T1intZyhXDU,Fazt,curso django principiantes
¡Curso COMPLETO de DJANGO desde Cero! #django | Crea tu Primera Aplicación 🚀 2026,1,msRVNeAKpqc,Roel Code,curso django principiantes
¿Qué es Django y porque importa? - Django y Django REST Framework,1,B8OlRdYwNlA,Fazt Code,curso django principiantes
Curso Django. Introducción e Instalación.Vídeo 1,1,7XO1AzwkPPE,pildorasinformaticas,curso django principiantes
Taller de DJANGO Desde Cero,1,P-6AioZhfMc,MoureDev TV,curso django principiantes
La Masterclass de Python que cambiará tu carrera (Django + Git + Producción),1,UE3HkJ7A-Mo,Enrique Barros,curso django principiantes
Django en 5 minutos,1,srkMntDfil4,GOGODEV,curso django principiantes
Introduccion a Django - Curso Completo,1,mQ0IUy_18mI,Solo Python,curso django principiantes
Curso Django. Creación primer proyecto. Vídeo 2,1,2DbWqyBR4Oo,pildorasinformaticas,curso django principiantes
CURSO de DJANGO desde CERO | (COMPLETO),1,CFc_zCKjSNU,Adrian Cancino,curso django principiantes
Aprende React en 15 Minutos 📘,1,wGxDfSWC4Ww,Victor Robles WEB,react tutorial español
Aprende React ahora! curso completo para crear aplicaciones,1,yIr_1CasXkM,HolaMundo,react tutorial español
CURSO REACT.JS - Aprende desde cero,1,7iobxzd_2wY,midulive,react tutorial español
¿Qué es React y por qué domina el desarrollo frontend?,1,kEMr0rFjB7E,EDteam,react tutorial español
REACT: Crea tu primera web DESDE CERO [para principiantes],1,pFyAu4R684s,MoureDev by Brais Moure,react tutorial español
Aprende React js en 10 minutos - Tutorial desde Cero para Principiantes,1,Mb37ily9WuY,The Coder Cave | Programación y Tecnología,react tutorial español
¿Qué es ReactJS? ⚛️ ¿Cómo funciona? Explicación animada,1,bvxm389cYVI,DeBakatas,react tutorial español
Aprende React en 45 Minutos,1,PWF5SgnNdp4,deivchoi,react tutorial español
REACT curso de 0 a EXPERTO 2025,1,GMnWXlJnbNo,Gentleman Programming,react tutorial español
Aprende React Desde Cero - Curso de React Con Proyectos,1,6Jfk8ic3KVk,freeCodeCamp Español,react tutorial español
SQL desde cero: Aprende SQL en 10 minutos,1,yLoh2sSDECw,The Coder Cave | Programación y Tecnología,sql curso desde cero
Aprende SQL ahora! curso completo gratis desde cero,1,uUdKAYl-F7g,HolaMundo,sql curso desde cero
Curso de SQL desde CERO (Completo),1,DFg1V-rO6Pg,Soy Dalto,sql curso desde cero
CURSO COMPLETO de SQL y BASES DE DATOS Desde Cero (8 horas),1,8N4M994IDt8,TodoCode,sql curso desde cero
¿Qué es SQL? 🤓,1,Atpj2UsF65M,A2 Capacitación: Excel,sql curso desde cero
"Aprende SQL - Curso desde cero con MySQL, PostgreSQL, Backend y Docker",1,6JBsoPOwPew,freeCodeCamp Español,sql curso desde cero
¡Aprende SQL de forma gratuita e interactiva!,1,KupdI-oUhlo,midudev,sql curso desde cero
Curso de SQL Desde Cero 2026 | Aprende a Consultar Bases de Datos Paso a Paso (Gratis en Español),1,bKtKHA-HbY4,DataBoosters,sql curso desde cero
⏱️ Lenguaje SQL desde cero [Tutorial completo],1,tIG2s1AFpSE,campusMVP.es,sql curso desde cero
¡Aprende los conceptos básicos de redes en menos de 15 minutos!,1,_JNPvSxG6oM,Amin Espinoza,redes computadoras curso
Aprende Redes (en 33 MINUTOS o menos) ,1,joA061BiwRA,Hixec,redes computadoras curso
Curso de REDES Informáticas Desde Cero Gratis [Teoría + Práctica] 👨‍💻,1,OLSKCWjI778,Contando Bits,redes computadoras curso
CURSO de REDES 2020  para PRINCIPIANTES # 1 📡 INTRODUCCIÓN,1,k2e6eWyn0fE,yacklyon,redes computadoras curso
🔥 DOMINA los FUNDAMENTOS de REDES para CIBERSEGURIDAD en solo 1 HORA 🔥 (Masterclass IMPERDIBLE),1,dipGglRzZ6Y,Pedro Vargas | Anormalix,redes computadoras curso
¿Qué es una Red? Descubre la Conexión Ideal,1,szaoYQ-yZjc,IT Learning ( Español ),redes computadoras curso
Qué es la IP pública. Curso de redes desde 0 | Cap 1 |,1,gVUE2IDwWA0,NASeros,redes computadoras curso
Curso de Redes. 1.1. Introducción. Conceptos básicos. Redes informáticas y telemáticas.,1,BrqH4PVyYF4,aulaclic,redes computadoras curso
"Todos los PROTOCOLOS DE RED explicados fácil en 5 minutos (Parte 1) | IP, IPsec, ICMP, L2TP...",1,-NToJj1y9mc,TICnoticos,redes computadoras curso
¿Qué son las redes de computadoras? Redes 1,1,SKA130JvvhI,El Tecno Master,redes computadoras curso
Aprende CIBERSEGURIDAD Desde Cero | Curso de Ciberseguridad y Privacidad 101 v2 Completo,1,gzES0MuWqHE,Hixec,ciberseguridad fundamentos
Curso de CIBERSEGURIDAD desde cero 2026 COMPLETO,1,rctz_w5SB3A,RINKU,ciberseguridad fundamentos
Lo que DEBES SABER antes de INICIAR en CIBERSEGURIDAD ⚠️ 🌎,1,-dNJUFMvUnk,TripleDobleu 🌎,ciberseguridad fundamentos
Curso de Ciberseguridad Desde Cero 2026 – Completo,1,nr98KZmxU2M,Hixec,ciberseguridad fundamentos
"¿Qué es la CIBERSEGURIDAD? ➡️ Concepto básico explicado, alcance, beneficios | Alberto López",1,0Ro1Ny-SQWY,AlbertoLopez TECH TIPS,ciberseguridad fundamentos
1. Conceptos básicos de Ciberseguridad | Ciberseguridad desde cero,1,poPWzt75a8c,Jhonsec IT,ciberseguridad fundamentos
Fundamentos de Ciberseguridad | Wild IT Academy,1,w9dffJuLcMQ,Wild IT Academy,ciberseguridad fundamentos
La Mejor Forma de Aprender Ciberseguridad,1,-eh7wAxIQ48,S4viSinFiltro,ciberseguridad fundamentos
Qué es la Ciberseguridad y Cómo Funciona,1,3G8yJaudGC0,elmondigital,ciberseguridad fundamentos
Fundamentos de Ciberseguridad | CLASE #1 | Curso de Ciberseguridad,1,sSABgEVYNDI,SEGURIDAD CERO,ciberseguridad fundamentos
REGLAS DE DERIVACIÓN - Repaso en 7 minutos con ejemplos,1,aVNa-J8iB5I,IngE Darwin,derivadas cálculo clase
Derivadas Regla de la cadena | Función compuesta | Ejemplo 1,1,m_5-WS9Nd68,Matemáticas profe Alex,derivadas cálculo clase
DERIVADAS: Clase Completa desde Cero,1,_6-zwdrqD3U,El Traductor de Ingeniería,derivadas cálculo clase
APRENDE a DERIVAR en 10 minutos (GUÍA DEFINITIVA desde CERO),1,4hltqDW-yCA,Math Rocks,derivadas cálculo clase
Derivada de una función usando la definición | Ejemplo 1,1,U7onW7mMzLM,Matemáticas profe Alex,derivadas cálculo clase
LA REGLA DE LA CADENA-DERIVADAS. 10 EJERCICIOS IMPRESCINDIBLES PARA DOMINAR ESTE TEMA. Derivación.,1,DOyTCSJCRw8,Matemáticas con Juan,derivadas cálculo clase
Qué es la derivada? | Concepto de derivada,1,uK4-s0ojHFg,Matemáticas profe Alex,derivadas cálculo clase
DERIVADAS REGLAS BÁSICAS #matematicas #ingenieria #derivadas #derivada #calculo,1,ZceFQD1NgxQ,MAESTROTK,derivadas cálculo clase
Que son las DERIVADAS? Explicado con platanos,1,RL9b4XXq_p0,Simiotagoras,derivadas cálculo clase
¿Qué son las derivadas?,1,AzTGmJGIpI8,Derivando,derivadas cálculo clase
Leyes de Newton - EXPLICACIÓN COMPLETA con ejemplos,1,iLt6C1oxmlc,MateFacil - Física,física leyes de newton clase
🍎 Las Leyes de Newton 🚗 con EJEMPLOS  [Fácil y Rápido] | FÍSICA |,1,yjyStvnHWXg,A Cierta Ciencia,física leyes de newton clase
"👨‍🔬 La PRIMERA LEY de NEWTON | Explicación, Fórmulas y Ejercicios",1,bsWqliD04VI,Clases Particulares en Ávila,física leyes de newton clase
¿Cómo funcionan las Leyes de Newton? 🍎,1,86ZNmoAdlNg,CuriosaMente,física leyes de newton clase
LEYES DE NEWTON | Explicación de las 3 leyes del movimiento de isacc newton,1,2BcRcKguNNA,Legado de Newton,física leyes de newton clase
✅​Las LEYES de MOVIMIENTO de NEWTON | 𝘽𝙞𝙚𝙣 𝙀𝙭𝙥𝙡𝙞𝙘𝙖𝙙𝙖𝙨 😎​🫵​💯 | Física,1,0_Lec-cfS-g,Profesor Particular Puebla,física leyes de newton clase
👨‍🔬 Las LEYES de NEWTON,1,8qnlCe0bbAI,Clases Particulares en Ávila,física leyes de newton clase
[ FISICA FREE ] - ESTATICA I - Leyes de Newton - Aplicación,1,aVjc3cZqhFo,DAVID ERRE,física leyes de newton clase
"FISICA. Problemas de Fuerza, Masa y Aceleración. Segunda Ley de Newton. #física",1,9b4E5V_iVbY,EMMANUEL ASESORÍAS,física leyes de newton clase
¿Y si Enseñamos las Leyes de Newton AL REVÉS?,1,q8YEVdbKBlo,QuantumFracture,física leyes de newton clase
⌛APRENDE la GRAMÁTICA INGLESA en 15 minutos 😲 (Cambia tu Inglés para SIEMPRE!!!),1,SQOEqIuh4gg,YouTalk TV,inglés gramática clase
DOMINA la gramática del inglés sin estudiar reglas gramaticales,1,cvkESN_eilo,Kale Anders,inglés gramática clase
Clase de Inglés para Principiantes | TODO LO ESENCIAL EN UN VIDEO | Aprende Inglés desde Cero,1,Z6GGAQOMX8c,Kale Anders,inglés gramática clase
Aprende toda la GRAMÁTICA INGLESA en 60 minutos | CURSO GRAMÁTICA INGLÉS 2026,1,pilqlZbB3xg,YouTalk TV,inglés gramática clase
La gramática inglesa simplificada para principiantes,1,22cFNNgL-68,Marcus Carter,inglés gramática clase
🧠Domina TODOS los 12 Tiempos Verbales en una Sola Clase: Acelera tu aprendizaje con este TRUCO🔥,1,E-xPz7u-6VE,INGLÉS CON EL TEACHER BOCARANDO,inglés gramática clase
🧠 Enséñale Vocabulario De Inglés A Tu Cerebro. Verbos 1✅,1,xkaj_2d8z5w,Inglés Simple Para Todos,inglés gramática clase
Curso de Inglés para Principiantes (INGLÉS BÁSICO A1-A2),1,kAYfAaN_D1k,Kale Anders,inglés gramática clase
EL PRESENTE SIMPLE EN INGLES - REGLAS (S - ES - IES) - EXPLICACION SENCILLA,1,o8xOJPKfraU,Mr. Rivera,inglés gramática clase
Curso de Inglés COMPLETO (Inglés Intermedio B1-B2),1,44brYSuVuVA,Kale Anders,inglés gramática clase
La HISTORIA COMPLETA de las Civilizaciones Humanas | De lo Antiguo a lo Moderno (Documental 4K),1,99I8tt5ZwKE,BTN - Historia,historia clase
La Historia de la Humanidad con sus episodios más trascendentales,1,LAckvh90m8A,Academia Play,historia clase
100 Preguntas de HISTORIA UNIVERSAL 📚 + 1【¿Cuánto sabes de Historia?】,1,0c8yxuXO_FM,Dosis de Cultura,historia clase
HISTORIA: INTRODUCCIÓN A LA HISTORIA,1,XaBWSqa8tqs,PROF. JACK TINEO,historia clase
LA HISTORIA DE LA HUMANIDAD (en 16 minutos),1,qFwsJh3OG7E,Academia Play,historia clase
50 minutos de HISTORIAS DE COLEGIO 1 // GASTROTEACHER,1,Cq4CFaSWZHA,Gastroteacher,historia clase
"La historia, periodización y hominización - Parte 1 de 3",1,jVFKu7Sfjds,Academia Vonex,historia clase
HISTORIA para niños - Desde la prehistoria hasta la Revolución Industrial - Recopilación,1,NKdHlkolGBM,Smile and Learn - Español,historia clase
🌍La HISTORIA DEL MUNDO en 15 minutos🌍 | Resumen de la historia de la HUMANIDAD,1,yzjnJ_YQRQY,Memorias de Pez,historia clase
El Telesketch - “CLASES DE HISTORIA SEMIMODERNA” - Sergio Encinas,1,ixrzYBmFYmw,Sergio Encinas Oficial,historia clase
Funniest Celebrity Interview Questions Ever!,0,U-8OLPXB4_U,Movie Recap Time ,funny celebrity moments
Celebs Caught in Their Most Awkward Moments Ever,0,IjbI7_7Q3wc,Celeb Buss Central,funny celebrity moments
pop culture moments that are HISTORY now [32 minutes edition],0,lFibEYEv3nM,Young The Mad,funny celebrity moments
Funniest Unhinged Moments from Beyoncé’s Show!,0,z33pL61KCvo,Celeb Buss Central,funny celebrity moments
Funniest Celebrity Moments With Dogs 😂🐶 #shorts,0,kmKFU49t6lU,Celeb Beast,funny celebrity moments
Ranking The Funniest Celebrity Moments,0,E8RD-EI1avY,CallMeOnyxx,funny celebrity moments
Funniest Celebrity Fights in WWE History,0,IrYGUYdKlbU,NOCAPFILESS,funny celebrity moments
Zendaya awkward moment with mom,0,S_39xGsoXRE,atomic tea,funny celebrity moments
Ranking the Funniest Celebrity Moments,0,r646vKw9QrU,RankPilot,funny celebrity moments
Drunk Adele forgets she’s famous,0,BDnlcjgV9nk,brewely,funny celebrity moments
TOP 100 When Idiots Play Games 😂 (Funny Moments),0,_TCV0t_0uYU,Top Gaming Plays,gaming funny moments
"Legend says, she still hangin&#39; there #funny #fail #gymnastics #AFV",0,PqVg_u7VUwA,America's Funniest Home Videos,gaming funny moments
When you have pink eye #comedy #funny #gamer #relatable #skit,0,mjaNqXqk-6c,MC Squared90,gaming funny moments
Squid game🔥😂 crazy  |  pink soldiers Funny ✅🤣 moments   #funny #pinksoldiers squidgame2|,0,SeYgoLpzFlM,One Man's Choice,gaming funny moments
Top 3 Funniest FNAF Moments 😭💔. The first made my jaw drop 😭,0,ukLJ3HP2ZVE,RoosterKing,gaming funny moments
Funny video | Ice cream prank,0,ooNepQlgj28,BiBoBen,gaming funny moments
GTA 5 - FAILS &amp; Funny Moments! (Los Santos Compilation),0,lFpN200AA24,Gtaquix,gaming funny moments
Funniest Gaming Moments of 2025,0,ThKowWhipBI,Nano,gaming funny moments
Squid Game in my Life 🔥 #funny #shorts #viral #squidgame,0,Le6KDe_OChc,Bos Kecil,gaming funny moments
funniest roblox squid game moments before death  #roblox #squidgameroblox #squidgame,0,VvXlIkTtJow,FeignedKey479,gaming funny moments
"FIRST DAY OF COLLEGE VLOG *grwm, first class, shopping, dinner*",0,Go5WFk2HDFw,Lauren Kim,college vlog
"college diaries 📚| productive days, online tips, motivation",0,tdh5EVCXw-4,Kaylee Malcolm ,college vlog
6:00AM Stanford University Morning Routine 💫 #college #vlog #studywithme #productivity #studytips,0,KI2xvN5uAio,Mia Yilin,college vlog
"first week of uni vlog @ yale | come to class w/me, busy study days, catch up w/friends",0,ATNrlzqCwZE,millie liao,college vlog
COLLEGE DAY IN MY LIFE VLOG at UCLA,0,v0cooPCOflw,Charlotte Elise,college vlog
COLLEGE MOVING VLOG | last day at the university of Alabama🥲🩷#moving #college #vlog #diml #viral,0,ETzJexKyDu8,Kaitlyn Johnson,college vlog
COLLEGE MOVE IN VLOG at utk *vlog + dorm tour*,0,ziE5eCizEQ4,noelle kate,college vlog
A Productive Day In My Life at Columbia University,0,a9VaCmRaQNE,JunZhe Koh,college vlog
"STUDY VLOG 💻 college sophomore, lectures, &amp; note taking | 2nd yr college",0,8BwvCbTLtqk,hannah's log,college vlog
"move into college with me @ yale 🎧🌷 | dream dorm, ikea &amp; target trips, rooming w/ my best friend",0,Zjs9ZNgjdA4,millie liao,college vlog
Developer VS Tester | Developers Memes | Testers Memes | Developers fun | Tester Fun | War | Funny,0,RJverdoLwTk,Spiral Mantra Pvt Ltd,programmers react to memes
programming memes,0,6i-cagHpBcs,Ben Awad,programmers react to memes
Programming Memes 101 || r/ProgrammerHumor,0,g_Y9ZV-y3bM,Meme Man 🇺🇦,programmers react to memes
HOI4 Devs React | Mods and memes,0,wlurS9xiyZs,Hearts Of Iron IV,programmers react to memes
"Programming memes Python Java, JavaScript, C++ #shorts",0,yVhXZUZ860U,Code with Bismillah,programmers react to memes
The Greatest Estate Developer | Memes,0,L-okpuQBep4,Anime Vega,programmers react to memes
C++ vs JavaScript Be Like 💀 | const and let Supremacy | Programming Meme #coding #javascript #cpp,0,J00io3pFCxM,codewithmay,programmers react to memes
💻 Developer VS Tester ⚔️ Developers Memes | Testers Memes #coding #shorts #memes #programming,0,VRXi7ytV290,Mehdiskan,programmers react to memes
R.E.P.O. DEV reacting to R.E.P.O. MEMES,0,DBnekAUd6jg,semiwork,programmers react to memes
Programming Memes || r/ProgrammerHumor,0,_lEzN8C5c7k,Meme Juice,programmers react to memes
Staying Underwater for 24 Hours,0,gLnjk6HGUb8,Jeremy Hutchins,24 hour challenge
OVERNIGHT in WORLD&#39;S LARGEST MALL *24 Hour Challenge*,0,7dbZUuSqJDs,Jordan Matter,24 hour challenge
Homemade Raft - Overnight Survival Challenge!,0,gGAkwG2Jdks,Dude Life,24 hour challenge
"Extreme Jungle Survival Challenge – Budget Only ₹2,000",0,4UClPqUCuiM,A1 ADVENTURE,24 hour challenge
We Lived in our Pool for 24 Hours!,0,C7B23r2pYFU,The Anazala Family ,24 hour challenge
SNEAKING In OVERNIGHT CANDY SHOP 24 HOUR Challenge!,0,_dfjMq3ZL4w,Unspeakable,24 hour challenge
24 Hour Overnight Challenge in Worlds Biggest Waterpark!,0,ag5otZ5gpIM,Ireland Boys Productions,24 hour challenge
24 Hours Challenge my Dad&#39;s Car,0,0Hr6azkQPiE,Little Big Toys,24 hour challenge
CboysTV 24 Hour Houseboat Challenge,0,2xPIxT1erWM,CboysTV,24 hour challenge
24-Hour Challenges Turn Into Nightmares! | The Royalty Family,0,ZYf3muqG00g,The Royalty Family Top Videos,24 hour challenge
Tom Holland React Viral Videos part 12 #tomholland #funny #trytolaugh #reaction,0,jPPH9pnXhzE,Tom Holland,viral tiktok reactions
Try not to laugh #trynottolaugh #reaction #memes #shorts #funny,0,kegGG_JWCns,Starkid ,viral tiktok reactions
Tom Holland reacting to viral videos #spiderman #funny #tomholland #memearchive #memebers,0,zl8_n9p91-c,Peter Picks Memes ,viral tiktok reactions
REACTING to my VIRAL 2019 TikToks!! #Shorts,0,L6fO5Emnn4U,Jordi ,viral tiktok reactions
Reacting to my Daughter and her Best Friend making a TikTok @THEROCKSQUAD,0,p6F4nLD3S0k,Rush Studios,viral tiktok reactions
Tom Holland Reacts To Viral Videos part 22 #tomholland #funny #reaction #memes #tiktokeffects,0,hJdrD_XEdXA,Tom React,viral tiktok reactions
Tom Holland react try to laugh part 51 #tomholland #trynottolaugh #funny #reaction,0,qWIFYqccf_Q,Meme Reactor,viral tiktok reactions
Reacting to my OLD VIRAL VIDEOS 😭💀 #Shorts,0,r_U6uDTF8MQ,Jordi ,viral tiktok reactions
Proof We Weren’t Alone! 😨,0,TADFEGBtsww,Munson Reacts,viral tiktok reactions
ASMR iPhone 17 pro unboxing 🤍 #iphone17pro #asmrunbox #iphone17 #appleunboxing,0,LLWkFQmML5s,Phoebe Reynolds,phone unboxing
unboxing the new iPhone 17 Pro Max #unboxing #iphone17 #iphone17promax,0,XFTDae8iK4o,Breanna Quan,phone unboxing
Pixel 10 Pro XL: The Unboxing ASMR Experience,0,4u8nPVd-n9Q,Varun Duggi,phone unboxing
Haven Unboxes her BRAND NEW iPhone 17!! #unboxing #iphone17,0,N8_s-9pIihk,Garza Crew,phone unboxing
unbox my new iphone 17 pro with me 🎀☁️ #iphone17pro #apple #beatsbydre #unboxing #asmr #pink,0,opXn_EhkPQA,Kimberly Cat,phone unboxing
Samsung Z Fold 7 Unboxing,0,yRnqaWJ1C2U,Jeremiah Peoples,phone unboxing
Unbox my new pink Nokia flip phone with me 💕#unboxing #asmr #flipphone #y2k #unboxingasmr,0,JPhQ5CUTb6M,Jubilee ASMR,phone unboxing
NEW iPhone 17 purple 💜 unboxing Apple iPhone,0,-efhZ5tibzg,HappyDownloads,phone unboxing
This New Phone Has a Subwoofer...,0,TLl027cYgY4,Unbox Therapy,phone unboxing
Galaxy S25 EDGE Titanium Silver Unboxing,0,Ca9dbrJV-XI,AnotherTech,phone unboxing
Street Fighter | New Trailer (2026 Movie),0,U6sbm1OaJb8,Paramount Pictures,movie trailer
Harry Potter and the Philosopher&#39;s Stone | Official Teaser Trailer | HBO Max,0,SJVmeJaS44s,Harry Potter,movie trailer
Focker-In-Law | Official International Trailer (2026) | Paramount Pictures UK,0,5jEeTPYVBsY,Paramount Pictures UK,movie trailer
FORTITUDE Official Trailer (2026) Nicolas Cage,0,WskcdDcY-F0,Movie Trailers Source,movie trailer
Primetime | Official Trailer HD | A24,0,5fHXyqQOKL8,A24,movie trailer
"Ebenezer | Official Trailer (2026 Movie) - Johnny Depp, Ian McKellen, Rupert Grint, Sam Claflin",0,A7lyvgnDuDE,Paramount Pictures,movie trailer
STREET FIGHTER Official Trailer 2 (2026),0,T7Xy23pznXY,KinoCheck.com,movie trailer
Harry Potter and the Philosopher&#39;s Stone | Official Teaser Trailer | HBO Max,0,1RnyZgfN-JY,HBO Max UK & Ireland,movie trailer
The Bluey Movie | Official Teaser Trailer 🎈 | In Theatres 2027,0,I0YWGgZBiYc,Bluey - Official Channel,movie trailer
ATONEMENT Official Trailer (2026) Kenneth Branagh,0,ImDPIiM9rUc,ONE Media,movie trailer
Cardi B - AH HA [Official Music Video],0,I-5e_J3LWS8,Cardi B,official music video
ROSÉ &amp; Bruno Mars - APT. (Official Music Video),0,ekr2nIex040,ROSÉ,official music video
BLUE MEDUSA - CROCODILE. (Official Music Video),0,8DVwEt00MEY,Alissa White-Gluz,official music video
ADÉLA - Nicole Kidman (Official Music Video),0,3sB4Iv_tM7U,ADÉLA,official music video
Taylor Swift - The Fate of Ophelia (Official Music Video),0,ko70cExuzZM,Taylor Swift,official music video
Kehlani - Folded [Official Music Video],0,KFMYx1TibeQ,Kehlani,official music video
Jason Derulo - Wiggle feat. Snoop Dogg [Official Music Video],0,hiP14ED28CA,Jason Derulo,official music video
Ava Max - Sweet but Psycho [Official Music Video],0,WXBHCQYxwr0,Ava Max,official music video
Tokio Hotel - Dye My Hair (Official Music Video),0,BH40hJ3v6_Q,Tokio Hotel,official music video
Tyla - SHE DID IT AGAIN (Official Music Video) ft. Zara Larsson,0,rtwpk9rb1Dc,TylaVEVO,official music video
Pranks Worth Your 30 Minutes 💀 2025 Edition,0,dN_hhrwzelQ,UNSORTED,prank compilation
Piercing PRANK Gone BAD 🤣🤣🤣🤣,0,xX4lS-STIlk,AsmrLinastar,prank compilation
Best Pranks of 2024 😂 Funniest Pranks of the Year,0,P4fu90taz_8,America's Funniest Home Videos,prank compilation
OMG 😱 Crazy girl prank 😂 #funny #comedy,0,SimHYCcEQSg,Laugh 4 Life,prank compilation
Missing Eyeball Prank 👁️😱 #prank #funny #scary,0,i99CGmlIqTY,Friendeez,prank compilation
Little Brother’s Hilarious Watermelon Prank on Big Bro! 🍉😂😱,0,V3-kBxGjAWY,Excited Bro,prank compilation
World’s Best Prank Gone Wrong! How To Win Every Prank Wars Challenge,0,x7HGuAd06DA,Collins Key Top Videos,prank compilation
BEST ESCALATOR PRANKS,0,YVlwoZbdRK0,SteazyGoCrazy,prank compilation
PRANKING my Girlfriend BUT it WENT WRONG 😂 #shorts,0,KESxrCDkUI0,WigoFellas,prank compilation
40 Momentos Más Graciosos De las Celebridades - Increíble,0,BtHYLw_6YKw,INCREÍBLE,momentos graciosos famosos
"Momentos vergonzosos y divertidos de los famosos (Caidas graciosas, Celebridades hablando español 😂)",0,Ya9sr659bqI,Canal del Humor TV,momentos graciosos famosos
Un penalti bien cobrado 🤣😅 #humor #comedia #juanchinbrodie #juanchi #futbol,0,FjJBFoXqrRU,Juanchinbrodie,momentos graciosos famosos
¡Top 20 Ridículos de Famosos Latinos CAPTADOS en Video!,0,h4UMioe0IoY,WatchMojo Español,momentos graciosos famosos
si te ries pierdes 2026 nivel god graciosos humor virales bromas ✅,0,J3zAIjhyxtc,Si Te Ries Pierdes 2026,momentos graciosos famosos
50 MOMENTOS MÁS DIVERTIDOS CON EL CLUB MISTERIO Y FEDE 2,0,85BYeFaiPCY,Atmos,momentos graciosos famosos
Anuel AA: Momentos Divertidos que TE SACARÁN UNA SONRISA!! 😂 ¡SI TE RIES PIERDES!,0,0oLlKKHNoTQ,Hall Of Fame ᴄʟɪᴘs,momentos graciosos famosos
Lucas y Vinicius se parten de risa #ElDíaDespués,0,sruGUBmbJzE,El Día Después por Movistar Plus,momentos graciosos famosos
Momentos graciosos de Wendy Guevara,0,Eb7U02W3lxo,jacspider,momentos graciosos famosos
&quot;Las Mejores Caídas Graciosas del 2024 😆 Videos Chistosos y Divertidos&quot; 😆,0,dWU1Xs2RIhU,Risas Sin Fin 😂,momentos graciosos famosos
Momento Gracioso En Esta Prueba De El Juego Del Calamar 😂,0,dagBRLB0aKA,ViiZ,gaming momentos graciosos
LLEGO muy LEJOS ☠️ #mrrelevante #edits #videojuegos,0,QFHCJpTmn3s,MrRelevante,gaming momentos graciosos
Confia en mi bro / Peak momentos divertidos #memes #peak #omenaso,0,-iTIDK0aDkI,Omenaso 2,gaming momentos graciosos
JUEGO DE AMOR 🤪 @SantiOficialll #santijuegodeamor,0,ealBbhtKod0,Santi ,gaming momentos graciosos
Top 3 MEJORES momentos de JUEGOS de TERROR 🔥#rubius #robleis #twitch #gaming #carre #terror,0,CdJkXHIIrHU,TopRandomRankings,gaming momentos graciosos
Así Inicia La Vida 🍼 Agarras Señal 🛜 | Juipink  #humor #comedia #memes #meme,0,6l8QRjj0oZU,Juipink,gaming momentos graciosos
Ratita En El Juego Del Calamar 🐀,0,44OAkqlXm-Y,Skydimers,gaming momentos graciosos
Michi por la alcantarillas 👇#roblox #comedia,0,PzYZwo30FhU,Michi ,gaming momentos graciosos
Antes Vs Ahora 🥹✨ Juegos #shorts #humor #tiktokvideo #latina #comedia #peru #funny #fyp,0,kEBNneAXodo,Gabriela Flores Villar,gaming momentos graciosos
Minecraft Momentos Divertidos 🤣 Parte 1 #mikecrack,0,8asv6KfmlKI,Mikecrack,gaming momentos graciosos
mi rutina de MAÑANA (4AM) ☀️ y NOCHE 🌙 para la universidad | primer día de clases📓🖇️˚୨୧⋆｡˚@dangyiseo,0,Akl6F33pBOQ,dangyiseo,vlog universitario
"una semana en mis exámenes de universidad | mucho estudiar, trabajar y llegando a todo como puedo",0,co8iXobvCMw,Anna Llorens,vlog universitario
"UNI VLOG: Días conmigo estudiando Ingeniería Civil (visitas a obra, laboratorio y clases)🍓✨",0,OnZjrVOKuSk,Moonberry Diaries,vlog universitario
"UN DÍA CONMIGO EN LA UNIVERSIDAD + Práctica🤍| Haul de SHEIN, tips, lifestyle, productividad, hábitos",0,80yNB7B9MrE,TatianaVcr,vlog universitario
"university diaries 001: primer día de facultad, grwm, organización",0,2OrdM_y5_6g,Valen Milanesi,vlog universitario
VLOG | primer día en la UNIVERSIDAD en química ,0,EX1f_q_uHqk,Miriam X. Giménez ,vlog universitario
"UNI VLOG : c’est bientôt la rentrée à MONTREAL (emménagement , reset, soirées, parc…)",0,1TkNSNqEp9E,tsoonumy,vlog universitario
Una Semana Estudiando para los Exámenes que Reprobé | Vlog Realista,0,9KbCbIFA8Tw,Isadora Vera,vlog universitario
"🍂📹uni vlog: dias en mi vida como estudiante, arquitectura, examen, habitos📚🌟",0,eHqWbj3KenE,by soff,vlog universitario
"VLOG como estudiante de PSICOLOGÍA 🧠| rutina, clases, charlita☕️✨",0,h-YV5AumWN0,Sara Miranda ,vlog universitario
bobicraft🤨 creditos a @MilkyAnimations  #meme#paja#bobicraft#minecraft#comedia,0,--zCztfJFvk,CobbyReal,memes programadores reacción
PROGRAMADOR REACCIONA A TIKTOKS DE PROGRAMACIÓN,0,dDK1TX_DgwY,ikerdev,memes programadores reacción
STREAMERS HACIENDO MEMES | WestCOL,0,tfHcT4yaHBY,WestCOL,memes programadores reacción
Como es ser programador #memesprogramacion #dev #memes #developer,0,Ca1OVKtwCtU,devjeanpierre,memes programadores reacción
El Hacker ya no se encuentra entre nosotros 💀💻 #Humor #Steam #Hacker,0,voDh2Sq06jA,RULEXVR,memes programadores reacción
¿La IA se descontroló? 😱 ¡Tuvieron que APAGAR a GROK!,0,e-qKu9vnhQs,Candel+,memes programadores reacción
El Desliz del Programador: Conversación Incómoda con el Jefe,0,AgLeSPher5Q,JuanDevOrtiz,memes programadores reacción
Cuando un Programador Pierde la Lógica ante una Casa Sola,0,EPWJHMGj44c,JuanDevOrtiz,memes programadores reacción
Bobicraft se volvió loco…,0,fNP-DZO7xmE,Diego Hurón,memes programadores reacción
🚨 ¡La temporada 7 de Gumball trajo este MEME de vuelta!,0,FDnWfZkBg9g,Candel+,memes programadores reacción
PASÉ 24 HORAS ESPOSADO A MIS VECINOS,0,MaeLOH_8V4k,Karina & Marina,challenge 24 horas
COMIENDO con $1 vs $1000 por 24 HORAS|4PLUSONE,0,FnCnJ8QfSKA,4plusone,challenge 24 horas
24 HORAS COMIENDO ROSA 😅 RETO Sandra Cires Art 😱 All Day Eating Pink Food Challenge,0,szkotP3P8Dw,Sandra Cires Art,challenge 24 horas
24 Horas en el Closet 😅 RETO Paso 1 Dia Entero Encerrada en un Closet 🔥 Sandra Cires Art,0,nllo8ad9FNU,Sandra Cires Art,challenge 24 horas
24 HORAS COMIENDO NEGRO | RETO SandraCiresArt | All Day Eating Black Food Challenge,0,yuQNClm6KcA,Sandra Cires Art,challenge 24 horas
RETO EXTREMO 24 HORAS EN LA PISCINA! TERMINA MAL... SandraCiresArt,0,YPHWQkK_UDk,Sandra Cires Art,challenge 24 horas
Me Convertí en MAESTRO del Default Loadout en 24 Horas... (RIVALS),0,IFmtNCsrMBc,RyozBlox,challenge 24 horas
1000 RETOS EN 24 HORAS !!,0,lh0zvFr5whE,Alejo Igoa,challenge 24 horas
24 HORAS EN LA PISCINA pero con CASA FLOTANTE 😂 2do intento 😅 RETO EXTREMO Sandra Cires Art,0,HSNaME1w4OY,Sandra Cires Art,challenge 24 horas
100 RETOS EN 24 HORAS!,0,sFHu8NxlLw8,Denisse Arjona,challenge 24 horas
REACCIONANDO A TIKTOKS CRINGE 🤮,0,lyUJdfS3_GA,Palacio,reaccionando tiktok
REACCIONANDO A TIKTOKS TERCERMUNDISTAS 🤣,0,VZQqwe74NS8,Palacio,reaccionando tiktok
REACCIONANDO A TIKTOS TERCERMUNDISTAS 🤣👌(LAS NOVELAS DE FRUTAS) - RDJavi,0,cn_FLsTZGfY,Rdjavi Live,reaccionando tiktok
Reaccionando a Tiktoks y Chismesitos 🤣👌- RDJavi,0,yXVlqKoqSJ4,Rdjavi Live,reaccionando tiktok
REACCION A TIKTOKS DE ME MINTIO ❤️‍🩹 Angi Fire y Niulkis Kr 😱 Le TIRAN FUERTE!,0,OzxHdzsVork,El Fire,reaccionando tiktok
REACCIONANDO A ETIQUETAS DE TIKTOK 🤮,0,t2kgiCfrCSM,Palacio,reaccionando tiktok
REACCIONANDO A TIKTOKS TERRORIFICOS!👻,0,K5aiuaEIXRY,ElAbrahaham,reaccionando tiktok
que likean mis seguidores?🤨,0,lnS9Zh0Hq14,China SSJ,reaccionando tiktok
Estos Tiktoks son Muy Randoms XD #20,0,JS9EprVPAyA,Nabi REACCIONA,reaccionando tiktok
REACCIONANDO A MIS TIKTOKS MÁS VIRALES,0,cf3bGn2zxac,Iker Unzu,reaccionando tiktok
Unboxing Google Pixel 10 Pro,0,dD5yOQn6Qvk,Google España,unboxing celular
CORALRED Galaxy Z Flip 7 Unboxing,0,YuJPX4r2XAg,AnotherTech,unboxing celular
iPhone 17 Pro Unboxing  in Deep Blue,0,Vi5hIyCq1m4,NateDesigns,unboxing celular
Samsung Galaxy A57 | Unboxing y vistazo,0,3QTxVMW6UZY,Isa Marcial,unboxing celular
Poco X7 ASMR Unboxing #xiaomi #poco #pocox7 #asmrunboxing #asmr #unboxing #smartphone,0,osnfYldgBgU,Jesse Does Tech,unboxing celular
Xiaomi POCO X8 Pro Max | Unboxing y vistazo,0,Hq75BKI3whw,Isa Marcial,unboxing celular
Redmi 15 Unboxing New,0,U3R2nfRK0Bc,UNBOXiNG NEW,unboxing celular
La Odisea | Tráiler Oficial (Universal Pictures),0,8un_UztYsw0,Universal Pictures México,trailer película
Avengers: Doomsday | Tráiler Oficial | Doblado,0,lAr_uspgHm8,Marvel Latinoamérica Oficial,trailer película
STREET FIGHTER Tráiler Español Latino (2026) Jason Momoa,0,cukjVSLyYLQ,ONE Media Español,trailer película
EL CORAZÓN DE LA BESTIA Tráiler Español Latino (2026) Brad Pitt,0,GaMmw2t9g24,ONE Media Español,trailer película
Avengers: Doomsday | Tráiler Oficial | Doblado,0,eJUdJoySLII,Marvel Latinoamérica Oficial,trailer película
La Odisea  | Tráiler Oficial (Universal Pictures) - HD,0,kx3pmGx24Tg,Universal Pictures México,trailer película
STREET FIGHTER Tráiler 2 Español Latino (2026),0,T9RvKyAGkDc,ONE Media Español,trailer película
AVENGERS 5: DOOMSDAY Tráiler 2 Español Latino Doblado (2026),0,9TWOiBTFAUM,ONE Media Español,trailer película
Street Fighter | Tráiler Oficial | Paramount Pictures Spain,0,-MJAfIMUQ5s,Paramount Pictures Spain,trailer película
AVENGERS 5: DOOMSDAY Tráiler Español Latino Doblado (2026),0,-h8UakY4UXA,ONE Media Español,trailer película
Shakira - Soltera (Official Video),0,oBofuVYDoG4,shakiraVEVO,video musical oficial
Maná &amp; Alejandro Fernández - Mariposa Traicionera (Video Oficial),0,FT8HG4EOn9o,OficialMana,video musical oficial
Romeo Santos - Bebo (Official Video),0,3ZcgUPwyhuI,RomeoSantosVEVO,video musical oficial
Anitta - Envolver [Official Music Video],0,hFCjGiawJi4,Anitta,video musical oficial
Chayanne - Bailando Bachata (Official Video),0,dsLjyLn859g,chayanneVEVO,video musical oficial
ROBLOX 🔷 Angi Fire (VIDEO OFICIAL🎮),0,tkoz2duI1DI,Angi Fire,video musical oficial
Bulin 47 X Afriken An - Leo Leo Remix (Video Oficial),0,TXPQ2wDRSNM,Bulin 47 Oficial,video musical oficial
"Galy Galiano, Jessi Uribe - La Cita (Video Oficial)",0,xYAGnnBdOQw,Jessi Uribe,video musical oficial
Antigoni - OUD (Official Music Video),0,JAjGcOE_2kw,Antigoni,video musical oficial
"Xavi, Manuel Turizo - En Privado (Official Video)",0,kE1-O0tU-UU,Xavi Oficial,video musical oficial
Broma del globo de agua 🎈,0,Ogvat1PTDlg,Abuela Concha,bromas compilación
Las bromas más locas y elaboradas que verás 2 | Bromas increíbles,0,-fyOAauSJfg,Las Mejores Bromas,bromas compilación
BROMAS QUE VALEN TUS 30 MINUTOS 💀 EDICIÓN 2025,0,rCTyACDbhKE,BRAIN TIME,bromas compilación
BROMAS QUE FUERON DEMASIADO LEJOS PERO SON DIVERTIDÍSIMAS,0,U0qNzDt3bo0,BRAIN TIME,bromas compilación
jajajaja broma pesada 😂,0,j-L9XoMNHOA,Fede Vigevani,bromas compilación
BROMAS PESADAS de cámara OCULTA en escaleras mecánicas🙄😂 #humor #comedia #prank #bromas #risas,0,QLs5CIqxe20,Luci Shows,bromas compilación
Broma a mis amigos 😅 #prank #shorts,0,Wgt1QWLvhyc,Caín Guzmán,bromas compilación
MEJORES BROMAS 2023,0,n4O8Oh1R0kk,Las Mejores Bromas,bromas compilación
RECOPILACIÓN DE BROMAS! ((LA B0MB@)) super EXTREMA😳💣🤣 #humor #risas #bromas,0,4vRRyvPxt20,David Ruiz ,bromas compilación
Que chillE #bromas #chilinypikin,0,lmf_JcbCSQY,Chilin y Pikin oficial,bromas compilación
